id,kode_provinsi,nama_provinsi,kode_kabupaten_kota,nama_kabupaten_kota,jenis_usaha,jumlah_usaha,satuan,tahun
1,32,JAWA BARAT,3201,KABUPATEN BOGOR,BPW,45,UNIT,2014
2,32,JAWA BARAT,3201,KABUPATEN BOGOR,CBPW,0,UNIT,2014
3,32,JAWA BARAT,3201,KABUPATEN BOGOR,APW,1,UNIT,2014
4,32,JAWA BARAT,3202,KABUPATEN SUKABUMI,BPW,0,UNIT,2014
5,32,JAWA BARAT,3202,KABUPATEN SUKABUMI,CBPW,0,UNIT,2014
6,32,JAWA BARAT,3202,KABUPATEN SUKABUMI,APW,0,UNIT,2014
7,32,JAWA BARAT,3203,KABUPATEN CIANJUR,BPW,10,UNIT,2014
8,32,JAWA BARAT,3203,KABUPATEN CIANJUR,CBPW,0,UNIT,2014
9,32,JAWA BARAT,3203,KABUPATEN CIANJUR,APW,1,UNIT,2014
10,32,JAWA BARAT,3204,KABUPATEN BANDUNG,BPW,0,UNIT,2014
11,32,JAWA BARAT,3204,KABUPATEN BANDUNG,CBPW,4,UNIT,2014
12,32,JAWA BARAT,3204,KABUPATEN BANDUNG,APW,0,UNIT,2014
13,32,JAWA BARAT,3205,KABUPATEN GARUT,BPW,2,UNIT,2014
14,32,JAWA BARAT,3205,KABUPATEN GARUT,CBPW,0,UNIT,2014
15,32,JAWA BARAT,3205,KABUPATEN GARUT,APW,0,UNIT,2014
16,32,JAWA BARAT,3206,KABUPATEN TASIKMALAYA,BPW,3,UNIT,2014
17,32,JAWA BARAT,3206,KABUPATEN TASIKMALAYA,CBPW,0,UNIT,2014
18,32,JAWA BARAT,3206,KABUPATEN TASIKMALAYA,APW,0,UNIT,2014
19,32,JAWA BARAT,3207,KABUPATEN CIAMIS,BPW,0,UNIT,2014
20,32,JAWA BARAT,3207,KABUPATEN CIAMIS,CBPW,2,UNIT,2014
21,32,JAWA BARAT,3207,KABUPATEN CIAMIS,APW,1,UNIT,2014
22,32,JAWA BARAT,3208,KABUPATEN KUNINGAN,BPW,0,UNIT,2014
23,32,JAWA BARAT,3208,KABUPATEN KUNINGAN,CBPW,0,UNIT,2014
24,32,JAWA BARAT,3208,KABUPATEN KUNINGAN,APW,0,UNIT,2014
25,32,JAWA BARAT,3209,KABUPATEN CIREBON,BPW,8,UNIT,2014
26,32,JAWA BARAT,3209,KABUPATEN CIREBON,CBPW,0,UNIT,2014
27,32,JAWA BARAT,3209,KABUPATEN CIREBON,APW,2,UNIT,2014
28,32,JAWA BARAT,3210,KABUPATEN MAJALENGKA,BPW,0,UNIT,2014
29,32,JAWA BARAT,3210,KABUPATEN MAJALENGKA,CBPW,0,UNIT,2014
30,32,JAWA BARAT,3210,KABUPATEN MAJALENGKA,APW,0,UNIT,2014
31,32,JAWA BARAT,3211,KABUPATEN SUMEDANG,BPW,14,UNIT,2014
32,32,JAWA BARAT,3211,KABUPATEN SUMEDANG,CBPW,2,UNIT,2014
33,32,JAWA BARAT,3211,KABUPATEN SUMEDANG,APW,0,UNIT,2014
34,32,JAWA BARAT,3212,KABUPATEN INDRAMAYU,BPW,1,UNIT,2014
35,32,JAWA BARAT,3212,KABUPATEN INDRAMAYU,CBPW,1,UNIT,2014
36,32,JAWA BARAT,3212,KABUPATEN INDRAMAYU,APW,0,UNIT,2014
37,32,JAWA BARAT,3213,KABUPATEN SUBANG,BPW,5,UNIT,2014
38,32,JAWA BARAT,3213,KABUPATEN SUBANG,CBPW,0,UNIT,2014
39,32,JAWA BARAT,3213,KABUPATEN SUBANG,APW,0,UNIT,2014
40,32,JAWA BARAT,3214,KABUPATEN PURWAKARTA,BPW,4,UNIT,2014
41,32,JAWA BARAT,3214,KABUPATEN PURWAKARTA,CBPW,13,UNIT,2014
42,32,JAWA BARAT,3214,KABUPATEN PURWAKARTA,APW,7,UNIT,2014
43,32,JAWA BARAT,3215,KABUPATEN KARAWANG,BPW,3,UNIT,2014
44,32,JAWA BARAT,3215,KABUPATEN KARAWANG,CBPW,0,UNIT,2014
45,32,JAWA BARAT,3215,KABUPATEN KARAWANG,APW,0,UNIT,2014
46,32,JAWA BARAT,3216,KABUPATEN BEKASI,BPW,49,UNIT,2014
47,32,JAWA BARAT,3216,KABUPATEN BEKASI,CBPW,2,UNIT,2014
48,32,JAWA BARAT,3216,KABUPATEN BEKASI,APW,1,UNIT,2014
49,32,JAWA BARAT,3217,KABUPATEN BANDUNG BARAT,BPW,20,UNIT,2014
50,32,JAWA BARAT,3217,KABUPATEN BANDUNG BARAT,CBPW,0,UNIT,2014
51,32,JAWA BARAT,3217,KABUPATEN BANDUNG BARAT,APW,0,UNIT,2014
52,32,JAWA BARAT,3271,KOTA BOGOR,BPW,34,UNIT,2014
53,32,JAWA BARAT,3271,KOTA BOGOR,CBPW,0,UNIT,2014
54,32,JAWA BARAT,3271,KOTA BOGOR,APW,7,UNIT,2014
55,32,JAWA BARAT,3272,KOTA SUKABUMI,BPW,0,UNIT,2014
56,32,JAWA BARAT,3272,KOTA SUKABUMI,CBPW,0,UNIT,2014
57,32,JAWA BARAT,3272,KOTA SUKABUMI,APW,0,UNIT,2014
58,32,JAWA BARAT,3273,KOTA BANDUNG,BPW,217,UNIT,2014
59,32,JAWA BARAT,3273,KOTA BANDUNG,CBPW,16,UNIT,2014
60,32,JAWA BARAT,3273,KOTA BANDUNG,APW,27,UNIT,2014
61,32,JAWA BARAT,3274,KOTA CIREBON,BPW,11,UNIT,2014
62,32,JAWA BARAT,3274,KOTA CIREBON,CBPW,0,UNIT,2014
63,32,JAWA BARAT,3274,KOTA CIREBON,APW,0,UNIT,2014
64,32,JAWA BARAT,3275,KOTA BEKASI,BPW,93,UNIT,2014
65,32,JAWA BARAT,3275,KOTA BEKASI,CBPW,0,UNIT,2014
66,32,JAWA BARAT,3275,KOTA BEKASI,APW,20,UNIT,2014
67,32,JAWA BARAT,3276,KOTA DEPOK,BPW,16,UNIT,2014
68,32,JAWA BARAT,3276,KOTA DEPOK,CBPW,0,UNIT,2014
69,32,JAWA BARAT,3276,KOTA DEPOK,APW,10,UNIT,2014
70,32,JAWA BARAT,3277,KOTA CIMAHI,BPW,0,UNIT,2014
71,32,JAWA BARAT,3277,KOTA CIMAHI,CBPW,0,UNIT,2014
72,32,JAWA BARAT,3277,KOTA CIMAHI,APW,3,UNIT,2014
73,32,JAWA BARAT,3278,KOTA TASIKMALAYA,BPW,0,UNIT,2014
74,32,JAWA BARAT,3278,KOTA TASIKMALAYA,CBPW,0,UNIT,2014
75,32,JAWA BARAT,3278,KOTA TASIKMALAYA,APW,0,UNIT,2014
76,32,JAWA BARAT,3279,KOTA BANJAR,BPW,1,UNIT,2014
77,32,JAWA BARAT,3279,KOTA BANJAR,CBPW,0,UNIT,2014
78,32,JAWA BARAT,3279,KOTA BANJAR,APW,0,UNIT,2014
79,32,JAWA BARAT,3201,KABUPATEN BOGOR,BPW,45,UNIT,2015
80,32,JAWA BARAT,3201,KABUPATEN BOGOR,CBPW,0,UNIT,2015
81,32,JAWA BARAT,3201,KABUPATEN BOGOR,APW,1,UNIT,2015
82,32,JAWA BARAT,3202,KABUPATEN SUKABUMI,BPW,0,UNIT,2015
83,32,JAWA BARAT,3202,KABUPATEN SUKABUMI,CBPW,0,UNIT,2015
84,32,JAWA BARAT,3202,KABUPATEN SUKABUMI,APW,0,UNIT,2015
85,32,JAWA BARAT,3203,KABUPATEN CIANJUR,BPW,10,UNIT,2015
86,32,JAWA BARAT,3203,KABUPATEN CIANJUR,CBPW,0,UNIT,2015
87,32,JAWA BARAT,3203,KABUPATEN CIANJUR,APW,1,UNIT,2015
88,32,JAWA BARAT,3204,KABUPATEN BANDUNG,BPW,0,UNIT,2015
89,32,JAWA BARAT,3204,KABUPATEN BANDUNG,CBPW,4,UNIT,2015
90,32,JAWA BARAT,3204,KABUPATEN BANDUNG,APW,0,UNIT,2015
91,32,JAWA BARAT,3205,KABUPATEN GARUT,BPW,2,UNIT,2015
92,32,JAWA BARAT,3205,KABUPATEN GARUT,CBPW,0,UNIT,2015
93,32,JAWA BARAT,3205,KABUPATEN GARUT,APW,0,UNIT,2015
94,32,JAWA BARAT,3206,KABUPATEN TASIKMALAYA,BPW,7,UNIT,2015
95,32,JAWA BARAT,3206,KABUPATEN TASIKMALAYA,CBPW,0,UNIT,2015
96,32,JAWA BARAT,3206,KABUPATEN TASIKMALAYA,APW,0,UNIT,2015
97,32,JAWA BARAT,3207,KABUPATEN CIAMIS,BPW,0,UNIT,2015
98,32,JAWA BARAT,3207,KABUPATEN CIAMIS,CBPW,2,UNIT,2015
99,32,JAWA BARAT,3207,KABUPATEN CIAMIS,APW,1,UNIT,2015
100,32,JAWA BARAT,3208,KABUPATEN KUNINGAN,BPW,0,UNIT,2015
101,32,JAWA BARAT,3208,KABUPATEN KUNINGAN,CBPW,0,UNIT,2015
102,32,JAWA BARAT,3208,KABUPATEN KUNINGAN,APW,0,UNIT,2015
103,32,JAWA BARAT,3209,KABUPATEN CIREBON,BPW,8,UNIT,2015
104,32,JAWA BARAT,3209,KABUPATEN CIREBON,CBPW,0,UNIT,2015
105,32,JAWA BARAT,3209,KABUPATEN CIREBON,APW,2,UNIT,2015
106,32,JAWA BARAT,3210,KABUPATEN MAJALENGKA,BPW,0,UNIT,2015
107,32,JAWA BARAT,3210,KABUPATEN MAJALENGKA,CBPW,0,UNIT,2015
108,32,JAWA BARAT,3210,KABUPATEN MAJALENGKA,APW,0,UNIT,2015
109,32,JAWA BARAT,3211,KABUPATEN SUMEDANG,BPW,14,UNIT,2015
110,32,JAWA BARAT,3211,KABUPATEN SUMEDANG,CBPW,2,UNIT,2015
111,32,JAWA BARAT,3211,KABUPATEN SUMEDANG,APW,0,UNIT,2015
112,32,JAWA BARAT,3212,KABUPATEN INDRAMAYU,BPW,1,UNIT,2015
113,32,JAWA BARAT,3212,KABUPATEN INDRAMAYU,CBPW,1,UNIT,2015
114,32,JAWA BARAT,3212,KABUPATEN INDRAMAYU,APW,0,UNIT,2015
115,32,JAWA BARAT,3213,KABUPATEN SUBANG,BPW,5,UNIT,2015
116,32,JAWA BARAT,3213,KABUPATEN SUBANG,CBPW,0,UNIT,2015
117,32,JAWA BARAT,3213,KABUPATEN SUBANG,APW,0,UNIT,2015
118,32,JAWA BARAT,3214,KABUPATEN PURWAKARTA,BPW,5,UNIT,2015
119,32,JAWA BARAT,3214,KABUPATEN PURWAKARTA,CBPW,13,UNIT,2015
120,32,JAWA BARAT,3214,KABUPATEN PURWAKARTA,APW,7,UNIT,2015
121,32,JAWA BARAT,3215,KABUPATEN KARAWANG,BPW,3,UNIT,2015
122,32,JAWA BARAT,3215,KABUPATEN KARAWANG,CBPW,0,UNIT,2015
123,32,JAWA BARAT,3215,KABUPATEN KARAWANG,APW,0,UNIT,2015
124,32,JAWA BARAT,3216,KABUPATEN BEKASI,BPW,49,UNIT,2015
125,32,JAWA BARAT,3216,KABUPATEN BEKASI,CBPW,2,UNIT,2015
126,32,JAWA BARAT,3216,KABUPATEN BEKASI,APW,1,UNIT,2015
127,32,JAWA BARAT,3217,KABUPATEN BANDUNG BARAT,BPW,20,UNIT,2015
128,32,JAWA BARAT,3217,KABUPATEN BANDUNG BARAT,CBPW,0,UNIT,2015
129,32,JAWA BARAT,3217,KABUPATEN BANDUNG BARAT,APW,0,UNIT,2015
130,32,JAWA BARAT,3218,KABUPATEN PANGANDARAN,BPW,0,UNIT,2015
131,32,JAWA BARAT,3218,KABUPATEN PANGANDARAN,CBPW,0,UNIT,2015
132,32,JAWA BARAT,3218,KABUPATEN PANGANDARAN,APW,0,UNIT,2015
133,32,JAWA BARAT,3271,KOTA BOGOR,BPW,34,UNIT,2015
134,32,JAWA BARAT,3271,KOTA BOGOR,CBPW,0,UNIT,2015
135,32,JAWA BARAT,3271,KOTA BOGOR,APW,7,UNIT,2015
136,32,JAWA BARAT,3272,KOTA SUKABUMI,BPW,0,UNIT,2015
137,32,JAWA BARAT,3272,KOTA SUKABUMI,CBPW,0,UNIT,2015
138,32,JAWA BARAT,3272,KOTA SUKABUMI,APW,0,UNIT,2015
139,32,JAWA BARAT,3273,KOTA BANDUNG,BPW,217,UNIT,2015
140,32,JAWA BARAT,3273,KOTA BANDUNG,CBPW,16,UNIT,2015
141,32,JAWA BARAT,3273,KOTA BANDUNG,APW,27,UNIT,2015
142,32,JAWA BARAT,3274,KOTA CIREBON,BPW,11,UNIT,2015
143,32,JAWA BARAT,3274,KOTA CIREBON,CBPW,0,UNIT,2015
144,32,JAWA BARAT,3274,KOTA CIREBON,APW,0,UNIT,2015
145,32,JAWA BARAT,3275,KOTA BEKASI,BPW,93,UNIT,2015
146,32,JAWA BARAT,3275,KOTA BEKASI,CBPW,0,UNIT,2015
147,32,JAWA BARAT,3275,KOTA BEKASI,APW,20,UNIT,2015
148,32,JAWA BARAT,3276,KOTA DEPOK,BPW,16,UNIT,2015
149,32,JAWA BARAT,3276,KOTA DEPOK,CBPW,0,UNIT,2015
150,32,JAWA BARAT,3276,KOTA DEPOK,APW,10,UNIT,2015
151,32,JAWA BARAT,3277,KOTA CIMAHI,BPW,0,UNIT,2015
152,32,JAWA BARAT,3277,KOTA CIMAHI,CBPW,0,UNIT,2015
153,32,JAWA BARAT,3277,KOTA CIMAHI,APW,3,UNIT,2015
154,32,JAWA BARAT,3278,KOTA TASIKMALAYA,BPW,0,UNIT,2015
155,32,JAWA BARAT,3278,KOTA TASIKMALAYA,CBPW,0,UNIT,2015
156,32,JAWA BARAT,3278,KOTA TASIKMALAYA,APW,0,UNIT,2015
157,32,JAWA BARAT,3279,KOTA BANJAR,BPW,7,UNIT,2015
158,32,JAWA BARAT,3279,KOTA BANJAR,CBPW,0,UNIT,2015
159,32,JAWA BARAT,3279,KOTA BANJAR,APW,0,UNIT,2015
160,32,JAWA BARAT,3201,KABUPATEN BOGOR,BPW,45,UNIT,2016
161,32,JAWA BARAT,3201,KABUPATEN BOGOR,CBPW,0,UNIT,2016
162,32,JAWA BARAT,3201,KABUPATEN BOGOR,APW,1,UNIT,2016
163,32,JAWA BARAT,3202,KABUPATEN SUKABUMI,BPW,0,UNIT,2016
164,32,JAWA BARAT,3202,KABUPATEN SUKABUMI,CBPW,0,UNIT,2016
165,32,JAWA BARAT,3202,KABUPATEN SUKABUMI,APW,0,UNIT,2016
166,32,JAWA BARAT,3203,KABUPATEN CIANJUR,BPW,10,UNIT,2016
167,32,JAWA BARAT,3203,KABUPATEN CIANJUR,CBPW,0,UNIT,2016
168,32,JAWA BARAT,3203,KABUPATEN CIANJUR,APW,1,UNIT,2016
169,32,JAWA BARAT,3204,KABUPATEN BANDUNG,BPW,0,UNIT,2016
170,32,JAWA BARAT,3204,KABUPATEN BANDUNG,CBPW,4,UNIT,2016
171,32,JAWA BARAT,3204,KABUPATEN BANDUNG,APW,0,UNIT,2016
172,32,JAWA BARAT,3205,KABUPATEN GARUT,BPW,2,UNIT,2016
173,32,JAWA BARAT,3205,KABUPATEN GARUT,CBPW,0,UNIT,2016
174,32,JAWA BARAT,3205,KABUPATEN GARUT,APW,0,UNIT,2016
175,32,JAWA BARAT,3206,KABUPATEN TASIKMALAYA,BPW,7,UNIT,2016
176,32,JAWA BARAT,3206,KABUPATEN TASIKMALAYA,CBPW,0,UNIT,2016
177,32,JAWA BARAT,3206,KABUPATEN TASIKMALAYA,APW,0,UNIT,2016
178,32,JAWA BARAT,3207,KABUPATEN CIAMIS,BPW,3,UNIT,2016
179,32,JAWA BARAT,3207,KABUPATEN CIAMIS,CBPW,0,UNIT,2016
180,32,JAWA BARAT,3207,KABUPATEN CIAMIS,APW,0,UNIT,2016
181,32,JAWA BARAT,3208,KABUPATEN KUNINGAN,BPW,0,UNIT,2016
182,32,JAWA BARAT,3208,KABUPATEN KUNINGAN,CBPW,0,UNIT,2016
183,32,JAWA BARAT,3208,KABUPATEN KUNINGAN,APW,0,UNIT,2016
184,32,JAWA BARAT,3209,KABUPATEN CIREBON,BPW,8,UNIT,2016
185,32,JAWA BARAT,3209,KABUPATEN CIREBON,CBPW,0,UNIT,2016
186,32,JAWA BARAT,3209,KABUPATEN CIREBON,APW,2,UNIT,2016
187,32,JAWA BARAT,3210,KABUPATEN MAJALENGKA,BPW,0,UNIT,2016
188,32,JAWA BARAT,3210,KABUPATEN MAJALENGKA,CBPW,0,UNIT,2016
189,32,JAWA BARAT,3210,KABUPATEN MAJALENGKA,APW,0,UNIT,2016
190,32,JAWA BARAT,3211,KABUPATEN SUMEDANG,BPW,14,UNIT,2016
191,32,JAWA BARAT,3211,KABUPATEN SUMEDANG,CBPW,2,UNIT,2016
192,32,JAWA BARAT,3211,KABUPATEN SUMEDANG,APW,0,UNIT,2016
193,32,JAWA BARAT,3212,KABUPATEN INDRAMAYU,BPW,0,UNIT,2016
194,32,JAWA BARAT,3212,KABUPATEN INDRAMAYU,CBPW,0,UNIT,2016
195,32,JAWA BARAT,3212,KABUPATEN INDRAMAYU,APW,0,UNIT,2016
196,32,JAWA BARAT,3213,KABUPATEN SUBANG,BPW,6,UNIT,2016
197,32,JAWA BARAT,3213,KABUPATEN SUBANG,CBPW,0,UNIT,2016
198,32,JAWA BARAT,3213,KABUPATEN SUBANG,APW,0,UNIT,2016
199,32,JAWA BARAT,3214,KABUPATEN PURWAKARTA,BPW,22,UNIT,2016
200,32,JAWA BARAT,3214,KABUPATEN PURWAKARTA,CBPW,13,UNIT,2016
201,32,JAWA BARAT,3214,KABUPATEN PURWAKARTA,APW,1,UNIT,2016
202,32,JAWA BARAT,3215,KABUPATEN KARAWANG,BPW,2,UNIT,2016
203,32,JAWA BARAT,3215,KABUPATEN KARAWANG,CBPW,0,UNIT,2016
204,32,JAWA BARAT,3215,KABUPATEN KARAWANG,APW,28,UNIT,2016
205,32,JAWA BARAT,3216,KABUPATEN BEKASI,BPW,49,UNIT,2016
206,32,JAWA BARAT,3216,KABUPATEN BEKASI,CBPW,2,UNIT,2016
207,32,JAWA BARAT,3216,KABUPATEN BEKASI,APW,1,UNIT,2016
208,32,JAWA BARAT,3217,KABUPATEN BANDUNG BARAT,BPW,20,UNIT,2016
209,32,JAWA BARAT,3217,KABUPATEN BANDUNG BARAT,CBPW,0,UNIT,2016
210,32,JAWA BARAT,3217,KABUPATEN BANDUNG BARAT,APW,0,UNIT,2016
211,32,JAWA BARAT,3218,KABUPATEN PANGANDARAN,BPW,0,UNIT,2016
212,32,JAWA BARAT,3218,KABUPATEN PANGANDARAN,CBPW,0,UNIT,2016
213,32,JAWA BARAT,3218,KABUPATEN PANGANDARAN,APW,0,UNIT,2016
214,32,JAWA BARAT,3271,KOTA BOGOR,BPW,25,UNIT,2016
215,32,JAWA BARAT,3271,KOTA BOGOR,CBPW,0,UNIT,2016
216,32,JAWA BARAT,3271,KOTA BOGOR,APW,6,UNIT,2016
217,32,JAWA BARAT,3272,KOTA SUKABUMI,BPW,0,UNIT,2016
218,32,JAWA BARAT,3272,KOTA SUKABUMI,CBPW,0,UNIT,2016
219,32,JAWA BARAT,3272,KOTA SUKABUMI,APW,0,UNIT,2016
220,32,JAWA BARAT,3273,KOTA BANDUNG,BPW,217,UNIT,2016
221,32,JAWA BARAT,3273,KOTA BANDUNG,CBPW,16,UNIT,2016
222,32,JAWA BARAT,3273,KOTA BANDUNG,APW,27,UNIT,2016
223,32,JAWA BARAT,3274,KOTA CIREBON,BPW,29,UNIT,2016
224,32,JAWA BARAT,3274,KOTA CIREBON,CBPW,0,UNIT,2016
225,32,JAWA BARAT,3274,KOTA CIREBON,APW,0,UNIT,2016
226,32,JAWA BARAT,3275,KOTA BEKASI,BPW,93,UNIT,2016
227,32,JAWA BARAT,3275,KOTA BEKASI,CBPW,0,UNIT,2016
228,32,JAWA BARAT,3275,KOTA BEKASI,APW,20,UNIT,2016
229,32,JAWA BARAT,3276,KOTA DEPOK,BPW,0,UNIT,2016
230,32,JAWA BARAT,3276,KOTA DEPOK,CBPW,0,UNIT,2016
231,32,JAWA BARAT,3276,KOTA DEPOK,APW,59,UNIT,2016
232,32,JAWA BARAT,3277,KOTA CIMAHI,BPW,3,UNIT,2016
233,32,JAWA BARAT,3277,KOTA CIMAHI,CBPW,0,UNIT,2016
234,32,JAWA BARAT,3277,KOTA CIMAHI,APW,2,UNIT,2016
235,32,JAWA BARAT,3278,KOTA TASIKMALAYA,BPW,0,UNIT,2016
236,32,JAWA BARAT,3278,KOTA TASIKMALAYA,CBPW,0,UNIT,2016
237,32,JAWA BARAT,3278,KOTA TASIKMALAYA,APW,0,UNIT,2016
238,32,JAWA BARAT,3279,KOTA BANJAR,BPW,7,UNIT,2016
239,32,JAWA BARAT,3279,KOTA BANJAR,CBPW,0,UNIT,2016
240,32,JAWA BARAT,3279,KOTA BANJAR,APW,0,UNIT,2016
241,32,JAWA BARAT,3201,KABUPATEN BOGOR,BPW,45,UNIT,2017
242,32,JAWA BARAT,3201,KABUPATEN BOGOR,CBPW,0,UNIT,2017
243,32,JAWA BARAT,3201,KABUPATEN BOGOR,APW,56,UNIT,2017
244,32,JAWA BARAT,3202,KABUPATEN SUKABUMI,BPW,0,UNIT,2017
245,32,JAWA BARAT,3202,KABUPATEN SUKABUMI,CBPW,0,UNIT,2017
246,32,JAWA BARAT,3202,KABUPATEN SUKABUMI,APW,0,UNIT,2017
247,32,JAWA BARAT,3203,KABUPATEN CIANJUR,BPW,10,UNIT,2017
248,32,JAWA BARAT,3203,KABUPATEN CIANJUR,CBPW,0,UNIT,2017
249,32,JAWA BARAT,3203,KABUPATEN CIANJUR,APW,1,UNIT,2017
250,32,JAWA BARAT,3204,KABUPATEN BANDUNG,BPW,0,UNIT,2017
251,32,JAWA BARAT,3204,KABUPATEN BANDUNG,CBPW,4,UNIT,2017
252,32,JAWA BARAT,3204,KABUPATEN BANDUNG,APW,0,UNIT,2017
253,32,JAWA BARAT,3205,KABUPATEN GARUT,BPW,2,UNIT,2017
254,32,JAWA BARAT,3205,KABUPATEN GARUT,CBPW,0,UNIT,2017
255,32,JAWA BARAT,3205,KABUPATEN GARUT,APW,0,UNIT,2017
256,32,JAWA BARAT,3206,KABUPATEN TASIKMALAYA,BPW,9,UNIT,2017
257,32,JAWA BARAT,3206,KABUPATEN TASIKMALAYA,CBPW,0,UNIT,2017
258,32,JAWA BARAT,3206,KABUPATEN TASIKMALAYA,APW,0,UNIT,2017
259,32,JAWA BARAT,3207,KABUPATEN CIAMIS,BPW,3,UNIT,2017
260,32,JAWA BARAT,3207,KABUPATEN CIAMIS,CBPW,0,UNIT,2017
261,32,JAWA BARAT,3207,KABUPATEN CIAMIS,APW,0,UNIT,2017
262,32,JAWA BARAT,3208,KABUPATEN KUNINGAN,BPW,0,UNIT,2017
263,32,JAWA BARAT,3208,KABUPATEN KUNINGAN,CBPW,0,UNIT,2017
264,32,JAWA BARAT,3208,KABUPATEN KUNINGAN,APW,0,UNIT,2017
265,32,JAWA BARAT,3209,KABUPATEN CIREBON,BPW,8,UNIT,2017
266,32,JAWA BARAT,3209,KABUPATEN CIREBON,CBPW,0,UNIT,2017
267,32,JAWA BARAT,3209,KABUPATEN CIREBON,APW,2,UNIT,2017
268,32,JAWA BARAT,3210,KABUPATEN MAJALENGKA,BPW,0,UNIT,2017
269,32,JAWA BARAT,3210,KABUPATEN MAJALENGKA,CBPW,0,UNIT,2017
270,32,JAWA BARAT,3210,KABUPATEN MAJALENGKA,APW,0,UNIT,2017
271,32,JAWA BARAT,3211,KABUPATEN SUMEDANG,BPW,14,UNIT,2017
272,32,JAWA BARAT,3211,KABUPATEN SUMEDANG,CBPW,2,UNIT,2017
273,32,JAWA BARAT,3211,KABUPATEN SUMEDANG,APW,0,UNIT,2017
274,32,JAWA BARAT,3212,KABUPATEN INDRAMAYU,BPW,0,UNIT,2017
275,32,JAWA BARAT,3212,KABUPATEN INDRAMAYU,CBPW,0,UNIT,2017
276,32,JAWA BARAT,3212,KABUPATEN INDRAMAYU,APW,0,UNIT,2017
277,32,JAWA BARAT,3213,KABUPATEN SUBANG,BPW,6,UNIT,2017
278,32,JAWA BARAT,3213,KABUPATEN SUBANG,CBPW,0,UNIT,2017
279,32,JAWA BARAT,3213,KABUPATEN SUBANG,APW,0,UNIT,2017
280,32,JAWA BARAT,3214,KABUPATEN PURWAKARTA,BPW,22,UNIT,2017
281,32,JAWA BARAT,3214,KABUPATEN PURWAKARTA,CBPW,13,UNIT,2017
282,32,JAWA BARAT,3214,KABUPATEN PURWAKARTA,APW,1,UNIT,2017
283,32,JAWA BARAT,3215,KABUPATEN KARAWANG,BPW,4,UNIT,2017
284,32,JAWA BARAT,3215,KABUPATEN KARAWANG,CBPW,0,UNIT,2017
285,32,JAWA BARAT,3215,KABUPATEN KARAWANG,APW,27,UNIT,2017
286,32,JAWA BARAT,3216,KABUPATEN BEKASI,BPW,49,UNIT,2017
287,32,JAWA BARAT,3216,KABUPATEN BEKASI,CBPW,2,UNIT,2017
288,32,JAWA BARAT,3216,KABUPATEN BEKASI,APW,1,UNIT,2017
289,32,JAWA BARAT,3217,KABUPATEN BANDUNG BARAT,BPW,20,UNIT,2017
290,32,JAWA BARAT,3217,KABUPATEN BANDUNG BARAT,CBPW,0,UNIT,2017
291,32,JAWA BARAT,3217,KABUPATEN BANDUNG BARAT,APW,0,UNIT,2017
292,32,JAWA BARAT,3218,KABUPATEN PANGANDARAN,BPW,0,UNIT,2017
293,32,JAWA BARAT,3218,KABUPATEN PANGANDARAN,CBPW,0,UNIT,2017
294,32,JAWA BARAT,3218,KABUPATEN PANGANDARAN,APW,0,UNIT,2017
295,32,JAWA BARAT,3271,KOTA BOGOR,BPW,25,UNIT,2017
296,32,JAWA BARAT,3271,KOTA BOGOR,CBPW,0,UNIT,2017
297,32,JAWA BARAT,3271,KOTA BOGOR,APW,6,UNIT,2017
298,32,JAWA BARAT,3272,KOTA SUKABUMI,BPW,0,UNIT,2017
299,32,JAWA BARAT,3272,KOTA SUKABUMI,CBPW,0,UNIT,2017
300,32,JAWA BARAT,3272,KOTA SUKABUMI,APW,0,UNIT,2017
301,32,JAWA BARAT,3273,KOTA BANDUNG,BPW,217,UNIT,2017
302,32,JAWA BARAT,3273,KOTA BANDUNG,CBPW,16,UNIT,2017
303,32,JAWA BARAT,3273,KOTA BANDUNG,APW,27,UNIT,2017
304,32,JAWA BARAT,3274,KOTA CIREBON,BPW,29,UNIT,2017
305,32,JAWA BARAT,3274,KOTA CIREBON,CBPW,0,UNIT,2017
306,32,JAWA BARAT,3274,KOTA CIREBON,APW,0,UNIT,2017
307,32,JAWA BARAT,3275,KOTA BEKASI,BPW,93,UNIT,2017
308,32,JAWA BARAT,3275,KOTA BEKASI,CBPW,0,UNIT,2017
309,32,JAWA BARAT,3275,KOTA BEKASI,APW,20,UNIT,2017
310,32,JAWA BARAT,3276,KOTA DEPOK,BPW,0,UNIT,2017
311,32,JAWA BARAT,3276,KOTA DEPOK,CBPW,0,UNIT,2017
312,32,JAWA BARAT,3276,KOTA DEPOK,APW,59,UNIT,2017
313,32,JAWA BARAT,3277,KOTA CIMAHI,BPW,3,UNIT,2017
314,32,JAWA BARAT,3277,KOTA CIMAHI,CBPW,0,UNIT,2017
315,32,JAWA BARAT,3277,KOTA CIMAHI,APW,2,UNIT,2017
316,32,JAWA BARAT,3278,KOTA TASIKMALAYA,BPW,12,UNIT,2017
317,32,JAWA BARAT,3278,KOTA TASIKMALAYA,CBPW,0,UNIT,2017
318,32,JAWA BARAT,3278,KOTA TASIKMALAYA,APW,5,UNIT,2017
319,32,JAWA BARAT,3279,KOTA BANJAR,BPW,8,UNIT,2017
320,32,JAWA BARAT,3279,KOTA BANJAR,CBPW,0,UNIT,2017
321,32,JAWA BARAT,3279,KOTA BANJAR,APW,0,UNIT,2017
322,32,JAWA BARAT,3201,KABUPATEN BOGOR,BPW,0,UNIT,2018
323,32,JAWA BARAT,3201,KABUPATEN BOGOR,CBPW,0,UNIT,2018
324,32,JAWA BARAT,3201,KABUPATEN BOGOR,APW,0,UNIT,2018
325,32,JAWA BARAT,3202,KABUPATEN SUKABUMI,BPW,0,UNIT,2018
326,32,JAWA BARAT,3202,KABUPATEN SUKABUMI,CBPW,0,UNIT,2018
327,32,JAWA BARAT,3202,KABUPATEN SUKABUMI,APW,0,UNIT,2018
328,32,JAWA BARAT,3203,KABUPATEN CIANJUR,BPW,35,UNIT,2018
329,32,JAWA BARAT,3203,KABUPATEN CIANJUR,CBPW,0,UNIT,2018
330,32,JAWA BARAT,3203,KABUPATEN CIANJUR,APW,0,UNIT,2018
331,32,JAWA BARAT,3204,KABUPATEN BANDUNG,BPW,0,UNIT,2018
332,32,JAWA BARAT,3204,KABUPATEN BANDUNG,CBPW,4,UNIT,2018
333,32,JAWA BARAT,3204,KABUPATEN BANDUNG,APW,0,UNIT,2018
334,32,JAWA BARAT,3205,KABUPATEN GARUT,BPW,15,UNIT,2018
335,32,JAWA BARAT,3205,KABUPATEN GARUT,CBPW,2,UNIT,2018
336,32,JAWA BARAT,3205,KABUPATEN GARUT,APW,0,UNIT,2018
337,32,JAWA BARAT,3206,KABUPATEN TASIKMALAYA,BPW,9,UNIT,2018
338,32,JAWA BARAT,3206,KABUPATEN TASIKMALAYA,CBPW,0,UNIT,2018
339,32,JAWA BARAT,3206,KABUPATEN TASIKMALAYA,APW,2,UNIT,2018
340,32,JAWA BARAT,3207,KABUPATEN CIAMIS,BPW,3,UNIT,2018
341,32,JAWA BARAT,3207,KABUPATEN CIAMIS,CBPW,0,UNIT,2018
342,32,JAWA BARAT,3207,KABUPATEN CIAMIS,APW,0,UNIT,2018
343,32,JAWA BARAT,3208,KABUPATEN KUNINGAN,BPW,3,UNIT,2018
344,32,JAWA BARAT,3208,KABUPATEN KUNINGAN,CBPW,0,UNIT,2018
345,32,JAWA BARAT,3208,KABUPATEN KUNINGAN,APW,0,UNIT,2018
346,32,JAWA BARAT,3209,KABUPATEN CIREBON,BPW,16,UNIT,2018
347,32,JAWA BARAT,3209,KABUPATEN CIREBON,CBPW,0,UNIT,2018
348,32,JAWA BARAT,3209,KABUPATEN CIREBON,APW,0,UNIT,2018
349,32,JAWA BARAT,3210,KABUPATEN MAJALENGKA,BPW,13,UNIT,2018
350,32,JAWA BARAT,3210,KABUPATEN MAJALENGKA,CBPW,2,UNIT,2018
351,32,JAWA BARAT,3210,KABUPATEN MAJALENGKA,APW,0,UNIT,2018
352,32,JAWA BARAT,3211,KABUPATEN SUMEDANG,BPW,0,UNIT,2018
353,32,JAWA BARAT,3211,KABUPATEN SUMEDANG,CBPW,0,UNIT,2018
354,32,JAWA BARAT,3211,KABUPATEN SUMEDANG,APW,0,UNIT,2018
355,32,JAWA BARAT,3212,KABUPATEN INDRAMAYU,BPW,0,UNIT,2018
356,32,JAWA BARAT,3212,KABUPATEN INDRAMAYU,CBPW,0,UNIT,2018
357,32,JAWA BARAT,3212,KABUPATEN INDRAMAYU,APW,0,UNIT,2018
358,32,JAWA BARAT,3213,KABUPATEN SUBANG,BPW,14,UNIT,2018
359,32,JAWA BARAT,3213,KABUPATEN SUBANG,CBPW,0,UNIT,2018
360,32,JAWA BARAT,3213,KABUPATEN SUBANG,APW,0,UNIT,2018
361,32,JAWA BARAT,3214,KABUPATEN PURWAKARTA,BPW,26,UNIT,2018
362,32,JAWA BARAT,3214,KABUPATEN PURWAKARTA,CBPW,13,UNIT,2018
363,32,JAWA BARAT,3214,KABUPATEN PURWAKARTA,APW,1,UNIT,2018
364,32,JAWA BARAT,3215,KABUPATEN KARAWANG,BPW,3,UNIT,2018
365,32,JAWA BARAT,3215,KABUPATEN KARAWANG,CBPW,2,UNIT,2018
366,32,JAWA BARAT,3215,KABUPATEN KARAWANG,APW,28,UNIT,2018
367,32,JAWA BARAT,3216,KABUPATEN BEKASI,BPW,0,UNIT,2018
368,32,JAWA BARAT,3216,KABUPATEN BEKASI,CBPW,0,UNIT,2018
369,32,JAWA BARAT,3216,KABUPATEN BEKASI,APW,0,UNIT,2018
370,32,JAWA BARAT,3217,KABUPATEN BANDUNG BARAT,BPW,25,UNIT,2018
371,32,JAWA BARAT,3217,KABUPATEN BANDUNG BARAT,CBPW,0,UNIT,2018
372,32,JAWA BARAT,3217,KABUPATEN BANDUNG BARAT,APW,0,UNIT,2018
373,32,JAWA BARAT,3218,KABUPATEN PANGANDARAN,BPW,0,UNIT,2018
374,32,JAWA BARAT,3218,KABUPATEN PANGANDARAN,CBPW,0,UNIT,2018
375,32,JAWA BARAT,3218,KABUPATEN PANGANDARAN,APW,0,UNIT,2018
376,32,JAWA BARAT,3271,KOTA BOGOR,BPW,36,UNIT,2018
377,32,JAWA BARAT,3271,KOTA BOGOR,CBPW,0,UNIT,2018
378,32,JAWA BARAT,3271,KOTA BOGOR,APW,1,UNIT,2018
379,32,JAWA BARAT,3272,KOTA SUKABUMI,BPW,0,UNIT,2018
380,32,JAWA BARAT,3272,KOTA SUKABUMI,CBPW,0,UNIT,2018
381,32,JAWA BARAT,3272,KOTA SUKABUMI,APW,0,UNIT,2018
382,32,JAWA BARAT,3273,KOTA BANDUNG,BPW,217,UNIT,2018
383,32,JAWA BARAT,3273,KOTA BANDUNG,CBPW,16,UNIT,2018
384,32,JAWA BARAT,3273,KOTA BANDUNG,APW,17,UNIT,2018
385,32,JAWA BARAT,3274,KOTA CIREBON,BPW,29,UNIT,2018
386,32,JAWA BARAT,3274,KOTA CIREBON,CBPW,0,UNIT,2018
387,32,JAWA BARAT,3274,KOTA CIREBON,APW,0,UNIT,2018
388,32,JAWA BARAT,3275,KOTA BEKASI,BPW,125,UNIT,2018
389,32,JAWA BARAT,3275,KOTA BEKASI,CBPW,0,UNIT,2018
390,32,JAWA BARAT,3275,KOTA BEKASI,APW,11,UNIT,2018
391,32,JAWA BARAT,3276,KOTA DEPOK,BPW,0,UNIT,2018
392,32,JAWA BARAT,3276,KOTA DEPOK,CBPW,0,UNIT,2018
393,32,JAWA BARAT,3276,KOTA DEPOK,APW,0,UNIT,2018
394,32,JAWA BARAT,3277,KOTA CIMAHI,BPW,3,UNIT,2018
395,32,JAWA BARAT,3277,KOTA CIMAHI,CBPW,0,UNIT,2018
396,32,JAWA BARAT,3277,KOTA CIMAHI,APW,2,UNIT,2018
397,32,JAWA BARAT,3278,KOTA TASIKMALAYA,BPW,9,UNIT,2018
398,32,JAWA BARAT,3278,KOTA TASIKMALAYA,CBPW,0,UNIT,2018
399,32,JAWA BARAT,3278,KOTA TASIKMALAYA,APW,2,UNIT,2018
400,32,JAWA BARAT,3279,KOTA BANJAR,BPW,0,UNIT,2018
401,32,JAWA BARAT,3279,KOTA BANJAR,CBPW,0,UNIT,2018
402,32,JAWA BARAT,3279,KOTA BANJAR,APW,0,UNIT,2018
403,32,JAWA BARAT,3201,KABUPATEN BOGOR,BPW,14,UNIT,2019
404,32,JAWA BARAT,3201,KABUPATEN BOGOR,CBPW,0,UNIT,2019
405,32,JAWA BARAT,3201,KABUPATEN BOGOR,APW,13,UNIT,2019
406,32,JAWA BARAT,3202,KABUPATEN SUKABUMI,BPW,4,UNIT,2019
407,32,JAWA BARAT,3202,KABUPATEN SUKABUMI,CBPW,0,UNIT,2019
408,32,JAWA BARAT,3202,KABUPATEN SUKABUMI,APW,4,UNIT,2019
409,32,JAWA BARAT,3203,KABUPATEN CIANJUR,BPW,35,UNIT,2019
410,32,JAWA BARAT,3203,KABUPATEN CIANJUR,CBPW,0,UNIT,2019
411,32,JAWA BARAT,3203,KABUPATEN CIANJUR,APW,0,UNIT,2019
412,32,JAWA BARAT,3204,KABUPATEN BANDUNG,BPW,25,UNIT,2019
413,32,JAWA BARAT,3204,KABUPATEN BANDUNG,CBPW,4,UNIT,2019
414,32,JAWA BARAT,3204,KABUPATEN BANDUNG,APW,0,UNIT,2019
415,32,JAWA BARAT,3205,KABUPATEN GARUT,BPW,15,UNIT,2019
416,32,JAWA BARAT,3205,KABUPATEN GARUT,CBPW,2,UNIT,2019
417,32,JAWA BARAT,3205,KABUPATEN GARUT,APW,0,UNIT,2019
418,32,JAWA BARAT,3206,KABUPATEN TASIKMALAYA,BPW,9,UNIT,2019
419,32,JAWA BARAT,3206,KABUPATEN TASIKMALAYA,CBPW,0,UNIT,2019
420,32,JAWA BARAT,3206,KABUPATEN TASIKMALAYA,APW,2,UNIT,2019
421,32,JAWA BARAT,3207,KABUPATEN CIAMIS,BPW,3,UNIT,2019
422,32,JAWA BARAT,3207,KABUPATEN CIAMIS,CBPW,0,UNIT,2019
423,32,JAWA BARAT,3207,KABUPATEN CIAMIS,APW,0,UNIT,2019
424,32,JAWA BARAT,3208,KABUPATEN KUNINGAN,BPW,5,UNIT,2019
425,32,JAWA BARAT,3208,KABUPATEN KUNINGAN,CBPW,0,UNIT,2019
426,32,JAWA BARAT,3208,KABUPATEN KUNINGAN,APW,0,UNIT,2019
427,32,JAWA BARAT,3209,KABUPATEN CIREBON,BPW,16,UNIT,2019
428,32,JAWA BARAT,3209,KABUPATEN CIREBON,CBPW,0,UNIT,2019
429,32,JAWA BARAT,3209,KABUPATEN CIREBON,APW,0,UNIT,2019
430,32,JAWA BARAT,3210,KABUPATEN MAJALENGKA,BPW,0,UNIT,2019
431,32,JAWA BARAT,3210,KABUPATEN MAJALENGKA,CBPW,2,UNIT,2019
432,32,JAWA BARAT,3210,KABUPATEN MAJALENGKA,APW,9,UNIT,2019
433,32,JAWA BARAT,3211,KABUPATEN SUMEDANG,BPW,0,UNIT,2019
434,32,JAWA BARAT,3211,KABUPATEN SUMEDANG,CBPW,0,UNIT,2019
435,32,JAWA BARAT,3211,KABUPATEN SUMEDANG,APW,0,UNIT,2019
436,32,JAWA BARAT,3212,KABUPATEN INDRAMAYU,BPW,0,UNIT,2019
437,32,JAWA BARAT,3212,KABUPATEN INDRAMAYU,CBPW,0,UNIT,2019
438,32,JAWA BARAT,3212,KABUPATEN INDRAMAYU,APW,0,UNIT,2019
439,32,JAWA BARAT,3213,KABUPATEN SUBANG,BPW,18,UNIT,2019
440,32,JAWA BARAT,3213,KABUPATEN SUBANG,CBPW,0,UNIT,2019
441,32,JAWA BARAT,3213,KABUPATEN SUBANG,APW,0,UNIT,2019
442,32,JAWA BARAT,3214,KABUPATEN PURWAKARTA,BPW,26,UNIT,2019
443,32,JAWA BARAT,3214,KABUPATEN PURWAKARTA,CBPW,13,UNIT,2019
444,32,JAWA BARAT,3214,KABUPATEN PURWAKARTA,APW,1,UNIT,2019
445,32,JAWA BARAT,3215,KABUPATEN KARAWANG,BPW,0,UNIT,2019
446,32,JAWA BARAT,3215,KABUPATEN KARAWANG,CBPW,0,UNIT,2019
447,32,JAWA BARAT,3215,KABUPATEN KARAWANG,APW,30,UNIT,2019
448,32,JAWA BARAT,3216,KABUPATEN BEKASI,BPW,16,UNIT,2019
449,32,JAWA BARAT,3216,KABUPATEN BEKASI,CBPW,0,UNIT,2019
450,32,JAWA BARAT,3216,KABUPATEN BEKASI,APW,1,UNIT,2019
451,32,JAWA BARAT,3217,KABUPATEN BANDUNG BARAT,BPW,25,UNIT,2019
452,32,JAWA BARAT,3217,KABUPATEN BANDUNG BARAT,CBPW,0,UNIT,2019
453,32,JAWA BARAT,3217,KABUPATEN BANDUNG BARAT,APW,0,UNIT,2019
454,32,JAWA BARAT,3218,KABUPATEN PANGANDARAN,BPW,27,UNIT,2019
455,32,JAWA BARAT,3218,KABUPATEN PANGANDARAN,CBPW,18,UNIT,2019
456,32,JAWA BARAT,3218,KABUPATEN PANGANDARAN,APW,10,UNIT,2019
457,32,JAWA BARAT,3271,KOTA BOGOR,BPW,36,UNIT,2019
458,32,JAWA BARAT,3271,KOTA BOGOR,CBPW,0,UNIT,2019
459,32,JAWA BARAT,3271,KOTA BOGOR,APW,1,UNIT,2019
460,32,JAWA BARAT,3272,KOTA SUKABUMI,BPW,0,UNIT,2019
461,32,JAWA BARAT,3272,KOTA SUKABUMI,CBPW,0,UNIT,2019
462,32,JAWA BARAT,3272,KOTA SUKABUMI,APW,0,UNIT,2019
463,32,JAWA BARAT,3273,KOTA BANDUNG,BPW,220,UNIT,2019
464,32,JAWA BARAT,3273,KOTA BANDUNG,CBPW,20,UNIT,2019
465,32,JAWA BARAT,3273,KOTA BANDUNG,APW,23,UNIT,2019
466,32,JAWA BARAT,3274,KOTA CIREBON,BPW,29,UNIT,2019
467,32,JAWA BARAT,3274,KOTA CIREBON,CBPW,0,UNIT,2019
468,32,JAWA BARAT,3274,KOTA CIREBON,APW,0,UNIT,2019
469,32,JAWA BARAT,3275,KOTA BEKASI,BPW,125,UNIT,2019
470,32,JAWA BARAT,3275,KOTA BEKASI,CBPW,0,UNIT,2019
471,32,JAWA BARAT,3275,KOTA BEKASI,APW,11,UNIT,2019
472,32,JAWA BARAT,3276,KOTA DEPOK,BPW,0,UNIT,2019
473,32,JAWA BARAT,3276,KOTA DEPOK,CBPW,0,UNIT,2019
474,32,JAWA BARAT,3276,KOTA DEPOK,APW,0,UNIT,2019
475,32,JAWA BARAT,3277,KOTA CIMAHI,BPW,0,UNIT,2019
476,32,JAWA BARAT,3277,KOTA CIMAHI,CBPW,0,UNIT,2019
477,32,JAWA BARAT,3277,KOTA CIMAHI,APW,0,UNIT,2019
478,32,JAWA BARAT,3278,KOTA TASIKMALAYA,BPW,0,UNIT,2019
479,32,JAWA BARAT,3278,KOTA TASIKMALAYA,CBPW,0,UNIT,2019
480,32,JAWA BARAT,3278,KOTA TASIKMALAYA,APW,0,UNIT,2019
481,32,JAWA BARAT,3279,KOTA BANJAR,BPW,9,UNIT,2019
482,32,JAWA BARAT,3279,KOTA BANJAR,CBPW,0,UNIT,2019
483,32,JAWA BARAT,3279,KOTA BANJAR,APW,0,UNIT,2019
484,32,JAWA BARAT,3201,KABUPATEN BOGOR,BPW,14,UNIT,2020
485,32,JAWA BARAT,3201,KABUPATEN BOGOR,CBPW,0,UNIT,2020
486,32,JAWA BARAT,3201,KABUPATEN BOGOR,APW,13,UNIT,2020
487,32,JAWA BARAT,3202,KABUPATEN SUKABUMI,BPW,4,UNIT,2020
488,32,JAWA BARAT,3202,KABUPATEN SUKABUMI,CBPW,0,UNIT,2020
489,32,JAWA BARAT,3202,KABUPATEN SUKABUMI,APW,4,UNIT,2020
490,32,JAWA BARAT,3203,KABUPATEN CIANJUR,BPW,60,UNIT,2020
491,32,JAWA BARAT,3203,KABUPATEN CIANJUR,CBPW,0,UNIT,2020
492,32,JAWA BARAT,3203,KABUPATEN CIANJUR,APW,0,UNIT,2020
493,32,JAWA BARAT,3204,KABUPATEN BANDUNG,BPW,25,UNIT,2020
494,32,JAWA BARAT,3204,KABUPATEN BANDUNG,CBPW,0,UNIT,2020
495,32,JAWA BARAT,3204,KABUPATEN BANDUNG,APW,0,UNIT,2020
496,32,JAWA BARAT,3205,KABUPATEN GARUT,BPW,15,UNIT,2020
497,32,JAWA BARAT,3205,KABUPATEN GARUT,CBPW,2,UNIT,2020
498,32,JAWA BARAT,3205,KABUPATEN GARUT,APW,0,UNIT,2020
499,32,JAWA BARAT,3206,KABUPATEN TASIKMALAYA,BPW,10,UNIT,2020
500,32,JAWA BARAT,3206,KABUPATEN TASIKMALAYA,CBPW,0,UNIT,2020
501,32,JAWA BARAT,3206,KABUPATEN TASIKMALAYA,APW,2,UNIT,2020
502,32,JAWA BARAT,3207,KABUPATEN CIAMIS,BPW,3,UNIT,2020
503,32,JAWA BARAT,3207,KABUPATEN CIAMIS,CBPW,0,UNIT,2020
504,32,JAWA BARAT,3207,KABUPATEN CIAMIS,APW,0,UNIT,2020
505,32,JAWA BARAT,3208,KABUPATEN KUNINGAN,BPW,5,UNIT,2020
506,32,JAWA BARAT,3208,KABUPATEN KUNINGAN,CBPW,0,UNIT,2020
507,32,JAWA BARAT,3208,KABUPATEN KUNINGAN,APW,0,UNIT,2020
508,32,JAWA BARAT,3209,KABUPATEN CIREBON,BPW,18,UNIT,2020
509,32,JAWA BARAT,3209,KABUPATEN CIREBON,CBPW,0,UNIT,2020
510,32,JAWA BARAT,3209,KABUPATEN CIREBON,APW,0,UNIT,2020
511,32,JAWA BARAT,3210,KABUPATEN MAJALENGKA,BPW,0,UNIT,2020
512,32,JAWA BARAT,3210,KABUPATEN MAJALENGKA,CBPW,2,UNIT,2020
513,32,JAWA BARAT,3210,KABUPATEN MAJALENGKA,APW,9,UNIT,2020
514,32,JAWA BARAT,3211,KABUPATEN SUMEDANG,BPW,16,UNIT,2020
515,32,JAWA BARAT,3211,KABUPATEN SUMEDANG,CBPW,0,UNIT,2020
516,32,JAWA BARAT,3211,KABUPATEN SUMEDANG,APW,0,UNIT,2020
517,32,JAWA BARAT,3212,KABUPATEN INDRAMAYU,BPW,0,UNIT,2020
518,32,JAWA BARAT,3212,KABUPATEN INDRAMAYU,CBPW,0,UNIT,2020
519,32,JAWA BARAT,3212,KABUPATEN INDRAMAYU,APW,0,UNIT,2020
520,32,JAWA BARAT,3213,KABUPATEN SUBANG,BPW,18,UNIT,2020
521,32,JAWA BARAT,3213,KABUPATEN SUBANG,CBPW,0,UNIT,2020
522,32,JAWA BARAT,3213,KABUPATEN SUBANG,APW,0,UNIT,2020
523,32,JAWA BARAT,3214,KABUPATEN PURWAKARTA,BPW,26,UNIT,2020
524,32,JAWA BARAT,3214,KABUPATEN PURWAKARTA,CBPW,13,UNIT,2020
525,32,JAWA BARAT,3214,KABUPATEN PURWAKARTA,APW,1,UNIT,2020
526,32,JAWA BARAT,3215,KABUPATEN KARAWANG,BPW,0,UNIT,2020
527,32,JAWA BARAT,3215,KABUPATEN KARAWANG,CBPW,0,UNIT,2020
528,32,JAWA BARAT,3215,KABUPATEN KARAWANG,APW,30,UNIT,2020
529,32,JAWA BARAT,3216,KABUPATEN BEKASI,BPW,16,UNIT,2020
530,32,JAWA BARAT,3216,KABUPATEN BEKASI,CBPW,0,UNIT,2020
531,32,JAWA BARAT,3216,KABUPATEN BEKASI,APW,1,UNIT,2020
532,32,JAWA BARAT,3217,KABUPATEN BANDUNG BARAT,BPW,25,UNIT,2020
533,32,JAWA BARAT,3217,KABUPATEN BANDUNG BARAT,CBPW,0,UNIT,2020
534,32,JAWA BARAT,3217,KABUPATEN BANDUNG BARAT,APW,0,UNIT,2020
535,32,JAWA BARAT,3218,KABUPATEN PANGANDARAN,BPW,29,UNIT,2020
536,32,JAWA BARAT,3218,KABUPATEN PANGANDARAN,CBPW,0,UNIT,2020
537,32,JAWA BARAT,3218,KABUPATEN PANGANDARAN,APW,0,UNIT,2020
538,32,JAWA BARAT,3271,KOTA BOGOR,BPW,36,UNIT,2020
539,32,JAWA BARAT,3271,KOTA BOGOR,CBPW,0,UNIT,2020
540,32,JAWA BARAT,3271,KOTA BOGOR,APW,1,UNIT,2020
541,32,JAWA BARAT,3272,KOTA SUKABUMI,BPW,0,UNIT,2020
542,32,JAWA BARAT,3272,KOTA SUKABUMI,CBPW,0,UNIT,2020
543,32,JAWA BARAT,3272,KOTA SUKABUMI,APW,1,UNIT,2020
544,32,JAWA BARAT,3273,KOTA BANDUNG,BPW,226,UNIT,2020
545,32,JAWA BARAT,3273,KOTA BANDUNG,CBPW,20,UNIT,2020
546,32,JAWA BARAT,3273,KOTA BANDUNG,APW,23,UNIT,2020
547,32,JAWA BARAT,3274,KOTA CIREBON,BPW,29,UNIT,2020
548,32,JAWA BARAT,3274,KOTA CIREBON,CBPW,0,UNIT,2020
549,32,JAWA BARAT,3274,KOTA CIREBON,APW,0,UNIT,2020
550,32,JAWA BARAT,3275,KOTA BEKASI,BPW,138,UNIT,2020
551,32,JAWA BARAT,3275,KOTA BEKASI,CBPW,0,UNIT,2020
552,32,JAWA BARAT,3275,KOTA BEKASI,APW,15,UNIT,2020
553,32,JAWA BARAT,3276,KOTA DEPOK,BPW,0,UNIT,2020
554,32,JAWA BARAT,3276,KOTA DEPOK,CBPW,0,UNIT,2020
555,32,JAWA BARAT,3276,KOTA DEPOK,APW,0,UNIT,2020
556,32,JAWA BARAT,3277,KOTA CIMAHI,BPW,2,UNIT,2020
557,32,JAWA BARAT,3277,KOTA CIMAHI,CBPW,0,UNIT,2020
558,32,JAWA BARAT,3277,KOTA CIMAHI,APW,0,UNIT,2020
559,32,JAWA BARAT,3278,KOTA TASIKMALAYA,BPW,0,UNIT,2020
560,32,JAWA BARAT,3278,KOTA TASIKMALAYA,CBPW,0,UNIT,2020
561,32,JAWA BARAT,3278,KOTA TASIKMALAYA,APW,0,UNIT,2020
562,32,JAWA BARAT,3279,KOTA BANJAR,BPW,9,UNIT,2020
563,32,JAWA BARAT,3279,KOTA BANJAR,CBPW,9,UNIT,2020
564,32,JAWA BARAT,3279,KOTA BANJAR,APW,9,UNIT,2020
